mitigation,phase,victim,noisy,concurrency,p50_ms,p95_ms,min_ms,max_ms
none,baseline,/,/noisy/,0,78,82,72,82
none,loaded,/,/noisy/,30,309,380,276,380
none,baseline,/,/noisy/,0,77,82,72,82
none,loaded,/,/noisy/,10,123,137,99,137
none,baseline,/,/noisy/,0,78,79,73,79
none,loaded,/,/noisy/,20,200,227,183,227
none,baseline,/,/noisy/,0,79,83,76,83
none,loaded,/,/noisy/,50,512,719,480,719
none,baseline,/,/noisy/,0,77,82,73,82
none,loaded,/,/noisy/,100,993,1976,947,1976
static-path,baseline,/wp-includes/js/wp-emoji-release.min.js,/noisy/,0,1,2,1,2
static-path,loaded,/wp-includes/js/wp-emoji-release.min.js,/noisy/,100,1,1,1,1
dedicated-pool,baseline,/,/noisy/,0,76,81,70,81
dedicated-pool,loaded,/,/noisy/,30,74,78,69,78
dedicated-pool,baseline,/,/noisy/,0,76,85,72,85
dedicated-pool,loaded,/,/noisy/,100,74,77,69,77
dedicated-pool,baseline,/noisy/,/noisy/,0,75,78,73,78
dedicated-pool,loaded,/noisy/,/noisy/,100,2289,3530,2223,3530
none,baseline,/product/sample-product-20/,/noisy/,0,96,112,92,112
none,loaded,/product/sample-product-20/,/noisy/,100,1099,1248,964,1248
