n,slug,store_id,operation_id,create_ms,provision_ms,total_ms,status
1,scale-1,cmrvtm4600012cab4mjhnevmh,cmrvtm46j0019cab40oxoj2vp,57,2036,2131,succeeded
2,scale-2,cmrvtm5t7001icab4ao9f4lzd,cmrvtm5to001pcab4o0zv9f2d,52,6075,6163,succeeded
3,scale-3,cmrvtmake001ycab4kn8yq3pp,cmrvtmakp0025cab4322bruhx,43,6076,6158,succeeded
4,scale-4,cmrvtmor8002ecab4p5wxpqa5,cmrvtmorm002lcab4hgw3osq7,52,4055,4145,succeeded
5,scale-5,cmrvtmrye002ucab42r960n7o,cmrvtmryr0031cab4bcmoln2s,45,6078,6196,succeeded
6,scale-6,cmrvtmwr4003acab4nbw2z4fk,cmrvtmwrn003hcab4v2mrdb5m,70,6081,6191,succeeded
7,scale-7,cmrvtn1io003qcab466qr5fps,cmrvtn1j3003xcab42qmxrgrd,48,6071,6159,succeeded
8,scale-8,cmrvtn69r0046cab4b1n2s7qb,cmrvtn6a4004dcab4m3imxei0,47,6074,6158,succeeded
9,scale-9,cmrvtnb0z004mcab43y0kk8uq,cmrvtnb1d004tcab468qoe87x,50,6081,6169,succeeded
10,scale-10,cmrvtnfse0052cab4hg9elo65,cmrvtnfsu0059cab4mffp2h31,50,6074,6162,succeeded
11,scale-11,cmrvtnkjk005icab4j1mrq1il,cmrvtnkk0005pcab494w2ky8n,47,6074,6166,succeeded
12,scale-12,cmrvtnpay005ycab46dnauw9u,cmrvtnpbc0065cab4c3p30p35,47,6076,6161,succeeded
13,scale-13,cmrvtnu23006ecab48dp1icr4,cmrvtnu2f006lcab4loq8lx66,42,6074,6155,succeeded
14,scale-14,cmrvtnyt8006ucab40n07m1vf,cmrvtnytj0071cab49qig0yfq,45,6080,6164,succeeded
15,scale-15,cmrvto3kj007acab45pxihyxi,cmrvto3ku007hcab4ypfyjdmw,45,6074,6157,succeeded
16,scale-16,cmrvto8bq007qcab47rawor5p,cmrvto8c3007xcab4y76z6k0r,49,6073,6158,succeeded
17,scale-17,cmrvtod2r0086cab4rnbsrbvp,cmrvtod32008dcab44t2j4bv9,41,6075,6155,succeeded
18,scale-18,cmrvtohtt008mcab4s8ju7d4f,cmrvtohu4008tcab4resa0vd5,45,6072,6155,succeeded
19,scale-19,cmrvtomkw0092cab4e5xu82n6,cmrvtoml80099cab4226u3fuz,47,6074,6157,succeeded
20,scale-20,cmrvtorbw009icab46g7dkaea,cmrvtorc7009pcab47gegv5y5,43,6075,6155,succeeded
21,scale-21,cmrvtow2w009ycab4t46cf5xt,cmrvtow3a00a5cab4vmli2tlr,43,4054,4134,succeeded
22,scale-22,cmrvtoz9v00aecab4o09zo5q2,cmrvtoza700alcab47978jrhs,48,6074,6161,succeeded
23,scale-23,cmrvtp41000aucab4j2d05ygx,cmrvtp41d00b1cab4r4yq1x0p,43,6079,6162,succeeded
24,scale-24,cmrvtp8sb00bacab4dcullpoo,cmrvtp8sm00bhcab46strmbgf,45,6078,6159,succeeded
25,scale-25,cmrvtpdjf00bqcab4wsabffbm,cmrvtpdjq00bxcab43eyj9en8,44,6076,6156,succeeded
26,scale-26,cmrvtpiai00c6cab4suf9jbww,cmrvtpiau00cdcab4ys4qqe0k,44,6071,6154,succeeded
27,scale-27,cmrvtpn1i00cmcab4ibc5pihv,cmrvtpn1u00ctcab4oyz0zbeo,43,6075,6155,succeeded
28,scale-28,cmrvtprsk00d2cab4hpe9l3uj,cmrvtprsw00d9cab4js4sn1g7,42,6075,6155,succeeded
29,scale-29,cmrvtpwjm00dicab41b6n15wu,cmrvtpwjz00dpcab4g3nsd1jy,48,6073,6157,succeeded
30,scale-30,cmrvtq1ay00dycab4030vqfla,cmrvtq1bg00e5cab47fpb8tj8,59,6077,6172,succeeded
31,scale-31,cmrvtq62700eecab4x8jcvga7,cmrvtq62p00elcab4ms0x14fq,48,6073,6159,succeeded
32,scale-32,cmrvtqatf00eucab44ph9nchv,cmrvtqatr00f1cab4u6ethvs9,49,6075,6161,succeeded
33,scale-33,cmrvtqfkl00facab4iij99vx4,cmrvtqfkz00fhcab4w79baeob,45,6079,6166,succeeded
34,scale-34,cmrvtqkbz00fqcab4k3rvkri8,cmrvtqkcc00fxcab4fyf24m3l,47,6083,6167,succeeded
35,scale-35,cmrvtqp3c00g6cab43gyt5sdb,cmrvtqp3r00gdcab45j1fp832,48,6080,6166,succeeded
36,scale-36,cmrvtqtuq00gmcab4nzutw7uq,cmrvtqtv200gtcab4f6y9hxnj,46,6082,6167,succeeded
37,scale-37,cmrvtqym300h2cab4e0w3s26u,cmrvtqyme00h9cab47i6flq3i,43,6078,6159,succeeded
38,scale-38,cmrvtr3d800hicab4r3zgfp5t,cmrvtr3dl00hpcab46koyqmu6,46,6074,6159,succeeded
39,scale-39,cmrvtr84e00hycab4wk7p3tj4,cmrvtr84o00i5cab4zjmyszh0,43,6079,6160,succeeded
40,scale-40,cmrvtrcvm00iecab4ej00f0qz,cmrvtrcvz00ilcab43npwc1yy,53,6077,6169,succeeded
41,scale-41,cmrvtrhn300iucab4gq6fh8yk,cmrvtrhne00j1cab4eqxf9y25,49,6081,6168,succeeded
42,scale-42,cmrvtrmef00jacab4fg960lx9,cmrvtrmev00jhcab4erdmja8c,50,6084,6176,succeeded
43,scale-43,cmrvtrr6400jqcab4s7mtc1s5,cmrvtrr6i00jxcab4p2lwx02z,50,6083,6173,succeeded
44,scale-44,cmrvtrvxm00k6cab4zemb6hs2,cmrvtrvxz00kdcab4ahfgga9c,47,6082,6166,succeeded
45,scale-45,cmrvts0oz00kmcab4bfy3ou50,cmrvts0pe00ktcab482hefiio,53,6076,6167,succeeded
46,scale-46,cmrvts5ga00l2cab4coyhl0m5,cmrvts5gn00l9cab47edszypg,48,6074,6159,succeeded
47,scale-47,cmrvtsa7i00licab4vqsxnwek,cmrvtsa7w00lpcab4ufnklu0v,53,6075,6168,succeeded
48,scale-48,cmrvtseyt00lycab4g2tfc98i,cmrvtsez400m5cab4e6kb3k3l,42,4056,4134,succeeded
49,scale-49,cmrvtsi5t00mecab4j57bl3dt,cmrvtsi6600mlcab44r5a8yjm,47,6076,6161,succeeded
50,scale-50,cmrvtsmwz00mucab4mo1be0ek,cmrvtsmxd00n1cab4b4oucgmr,47,6079,6165,succeeded
51,scale-51,cmrvtsrod00nacab4y342lw9e,cmrvtsrop00nhcab4xcr66wlk,50,6077,6165,succeeded
52,scale-52,cmrvtswfo00nqcab4vx3bkk1j,cmrvtswg200nxcab4qzt5snvi,50,6084,6175,succeeded
53,scale-53,cmrvtt17800o6cab44xq47hbm,cmrvtt17j00odcab4nx70gsoj,44,6077,6162,succeeded
54,scale-54,cmrvtt5yi00omcab4wujgslo9,cmrvtt5yx00otcab42xlnffz1,49,6081,6169,succeeded
55,scale-55,cmrvttapw00p2cab4glvb0mkr,cmrvttaq900p9cab40xjkz3pu,45,6079,6163,succeeded
56,scale-56,cmrvttfh800picab4y1gql2db,cmrvttfhm00ppcab4fquckeww,50,6083,6171,succeeded
57,scale-57,cmrvttk8n00pycab4viwj58qd,cmrvttk9200q5cab4msvvkqg8,46,6079,6167,succeeded
58,scale-58,cmrvttp0300qecab4e5g6lqcp,cmrvttp0k00qlcab4otpstqxa,51,6081,6169,succeeded
59,scale-59,cmrvtttrk00qucab49g78mrto,cmrvtttrz00r1cab44m3v1377,54,6074,6168,succeeded
60,scale-60,cmrvttyiv00racab4xor0s9a8,cmrvttyj800rhcab4q5mu9xo7,46,6075,6160,succeeded
61,scale-61,cmrvtu3a200rqcab4m17c6a11,cmrvtu3ae00rxcab4dli5q38r,45,6074,6158,succeeded
62,scale-62,cmrvtu81600s6cab4tcuv4h6l,cmrvtu81i00sdcab4tfvxwaic,46,6088,6172,succeeded
63,scale-63,cmrvtucsq00smcab49fsxxo29,cmrvtuct300stcab4xue93z47,49,6079,6164,succeeded
64,scale-64,cmrvtuhjz00t2cab4aw6cxcpf,cmrvtuhka00t9cab4fq3q92h9,46,6081,6166,succeeded
65,scale-65,cmrvtumbc00ticab4qmqhrlry,cmrvtumbp00tpcab41k7o4x3z,47,6080,6167,succeeded
66,scale-66,cmrvtur2q00tycab4r679if8w,cmrvtur3300u5cab45u6p34tk,48,6079,6165,succeeded
67,scale-67,cmrvtuvu000uecab4lg7haqdh,cmrvtuvuc00ulcab413hmiaj3,45,6075,6160,succeeded
68,scale-68,cmrvtv0l700uucab43uqh36a1,cmrvtv0ln00v1cab42g57impo,48,6085,6171,succeeded
69,scale-69,cmrvtv5cn00vacab4fbri8j5q,cmrvtv5d200vhcab4fbnkmtf2,51,6084,6175,succeeded
70,scale-70,cmrvtva4a00vqcab4moxm7ldu,cmrvtva4l00vxcab4pj8vi6mf,47,6081,6166,succeeded
71,scale-71,cmrvtvevm00w6cab43wfrx429,cmrvtvew200wdcab4s21fokch,48,6083,6166,succeeded
72,scale-72,cmrvtvjn000wmcab48hqi5o14,cmrvtvjnc00wtcab45wrfnpg2,47,6076,6160,succeeded
73,scale-73,cmrvtvoe500x2cab44dswteql,cmrvtvoeh00x9cab4mausqa8c,47,6085,6174,succeeded
74,scale-74,cmrvtvt5n00xicab49u61b8na,cmrvtvt6300xpcab4vdhkhlsl,50,6077,6167,succeeded
75,scale-75,cmrvtvxx200xycab45otizevv,cmrvtvxxg00y5cab4clbd1me4,48,6078,6164,succeeded
76,scale-76,cmrvtw2oe00yecab45thkd05f,cmrvtw2ot00ylcab4rdwxh0x5,50,6083,6169,succeeded
77,scale-77,cmrvtw7ft00yucab4wn6n2s65,cmrvtw7g300z1cab44lurv13v,48,6080,6163,succeeded
78,scale-78,cmrvtwc7500zacab4siwva8s2,cmrvtwc7h00zhcab4jo9125tc,48,6089,6179,succeeded
79,scale-79,cmrvtwgz100zqcab4cf6dflqe,cmrvtwgzk00zxcab4al0m6uf6,59,4058,4157,succeeded
80,scale-80,cmrvtwk6c0106cab480vizu8t,cmrvtwk6r010dcab4amopau68,47,6081,6166,succeeded
81,scale-81,cmrvtwoxs010mcab4wwzpsm0p,cmrvtwoyc010tcab4alq4didl,57,6077,6172,succeeded
82,scale-82,cmrvtwtp70112cab48jd7q93h,cmrvtwtpj0119cab4w4m8bn4e,56,8099,8191,succeeded
83,scale-83,cmrvtx00z011icab4y8sdxxe4,cmrvtx01f011pcab48x428dwj,56,4060,4155,succeeded
84,scale-84,cmrvtx38b011ycab4il6x6km3,cmrvtx38s0125cab4tqiw18hi,49,6078,6177,succeeded
85,scale-85,cmrvtx800012ecab4i92jr3rg,cmrvtx80l012lcab40c4wd9d4,54,6076,6171,succeeded
86,scale-86,cmrvtxcrh012ucab4h8lmypvz,cmrvtxcru0131cab4g1rps2fw,46,6083,6172,succeeded
87,scale-87,cmrvtxhix013acab4bxqaam71,cmrvtxhje013hcab4esa4zecd,49,6080,6172,succeeded
88,scale-88,cmrvtxmag013qcab4w72elsve,cmrvtxmaw013xcab41500ft2d,45,4058,4147,succeeded
89,scale-89,cmrvtxpht0146cab4f4xcuwzm,cmrvtxpi3014dcab4mqs0u7ty,45,6085,6171,succeeded
90,scale-90,cmrvtxu9k014mcab4pgljq84h,cmrvtxua0014tcab4bzfsrubo,54,6080,6170,succeeded
91,scale-91,cmrvtxz0s0152cab46x5txtcf,cmrvtxz120159cab4gfmkp3gp,40,4064,4143,succeeded
92,scale-92,cmrvty27w015icab4dwv5j4q7,cmrvty28a015pcab4zz9joobx,42,6075,6155,succeeded
93,scale-93,cmrvty6yy015ycab4exio78hu,cmrvty6z60165cab4f1h5yiiq,38,4066,4144,succeeded
94,scale-94,cmrvtya66016ecab4jrmuot0w,cmrvtya6f016lcab4x77a1v1k,38,6083,6161,succeeded
95,scale-95,cmrvtyexd016ucab4g13o29kw,cmrvtyexq0171cab4ecbrkeiq,42,6078,6160,succeeded
96,scale-96,cmrvtyjok017acab4p1t2owts,cmrvtyjp4017hcab4tqpcmab1,50,4058,4148,succeeded
97,scale-97,cmrvtymvq017qcab4yaq6ni6c,cmrvtymw9017xcab4m5vhp8z1,45,6078,6162,succeeded
98,scale-98,cmrvtyrn20186cab424ta0wuf,cmrvtyrnc018dcab41mfrsdc3,40,6079,6159,succeeded
99,scale-99,cmrvtywe7018mcab4w5213zx7,cmrvtywef018tcab4vku6y6ng,36,4061,4137,succeeded
100,scale-100,,,19,,,rejected: {"statusCode":402 "message":"store quota exceeded: 100/100 on plan enterprise"}
